,,price,area,Price_sqft,price^2,x.y,x2.y,
0,,5600000,1350,4148.148148,3.136E+13,7560000000,23229629630,
1,,8800000,1490,5906.040268,7.744E+13,13112000000,51973154362,
2,,16500000,2385,6918.238994,2.7225E+14,39352500000,1.14151E+11,
3,,3810000,1050,3628.571429,1.45161E+13,4000500000,13824857143,
4,,6200000,1350,4592.592593,3.844E+13,8370000000,28474074074,
5,,3700000,1150,3217.391304,1.369E+13,4255000000,11904347826,
6,,3270000,890,3674.157303,1.06929E+13,2910300000,12014494382,
7,,3990000,850,4694.117647,1.59201E+13,3391500000,18729529412,
8,,3500000,960,3645.833333,1.225E+13,3360000000,12760416667,
9,,5500000,1400,3928.571429,3.025E+13,7700000000,21607142857,
10,,7300000,850,8588.235294,5.329E+13,6205000000,62694117647,
11,,7700000,1250,6160,5.929E+13,9625000000,47432000000,
12,,10500000,1615,6501.547988,1.1025E+14,16957500000,68266253870,
13,,7200000,1200,6000,5.184E+13,8640000000,43200000000,
14,,7000000,1690,4142.011834,4.9E+13,11830000000,28994082840,
15,,9500000,1000,9500,9.025E+13,9500000000,90250000000,
16,,15000000,1450,10344.82759,2.25E+14,21750000000,1.55172E+11,
17,,4800000,1175,4085.106383,2.304E+13,5640000000,19608510638,
18,,5100000,1087,4691.812328,2.601E+13,5543700000,23928242870,
19,,14000000,1845,7588.075881,1.96E+14,25830000000,1.06233E+11,
20,,6250000,1400,4464.285714,3.90625E+13,8750000000,27901785714,
21,,8700000,1600,5437.5,7.569E+13,13920000000,47306250000,
22,,13000000,1950,6666.666667,1.69E+14,25350000000,86666666667,
23,,15000000,1800,8333.333333,2.25E+14,27000000000,1.25E+11,
24,,5500000,1440,3819.444444,3.025E+13,7920000000,21006944444,
25,,4200000,1040,4038.461538,1.764E+13,4368000000,16961538462,
26,,3900000,1025,3804.878049,1.521E+13,3997500000,14839024390,
27,,10000000,1836,5446.623094,1E+14,18360000000,54466230937,
28,,7600000,1350,5629.62963,5.776E+13,10260000000,42785185185,
29,,3900000,800,4875,1.521E+13,3120000000,19012500000,
30,,9000000,1481,6076.975017,8.1E+13,13329000000,54692775152,
31,,8350000,1398,5972.818312,6.97225E+13,11673300000,49873032904,
32,,13500000,2150,6279.069767,1.8225E+14,29025000000,84767441860,
33,,5310000,1100,4827.272727,2.81961E+13,5841000000,25632818182,
34,,15000000,1960,7653.061224,2.25E+14,29400000000,1.14796E+11,
35,,17500000,2450,7142.857143,3.0625E+14,42875000000,1.25E+11,
36,,5000000,1000,5000,2.5E+13,5000000000,25000000000,
37,,3500000,850,4117.647059,1.225E+13,2975000000,14411764706,
38,,4550000,950,4789.473684,2.07025E+13,4322500000,21792105263,
39,,4000000,700,5714.285714,1.6E+13,2800000000,22857142857,
40,,3500000,750,4666.666667,1.225E+13,2625000000,16333333333,
41,,3500000,950,3684.210526,1.225E+13,3325000000,12894736842,
42,,2400000,540,4444.444444,5.76E+12,1296000000,10666666667,
43,,80000000,5571,14360.07898,6.4E+15,4.4568E+11,1.14881E+12,
44,,9500000,1200,7916.666667,9.025E+13,11400000000,75208333333,
45,,10500000,1020,10294.11765,1.1025E+14,10710000000,1.08088E+11,
46,,7500000,1505,4983.388704,5.625E+13,11287500000,37375415282,
47,,4800000,1232,3896.103896,2.304E+13,5913600000,18701298701,
48,,5600000,929,6027.987083,3.136E+13,5202400000,33756727664,
49,,8500000,1350,6296.296296,7.225E+13,11475000000,53518518519,
50,,4700000,1085,4331.797235,2.209E+13,5099500000,20359447005,
51,,8500000,1790,4748.603352,7.225E+13,15215000000,40363128492,
52,,10000000,1689,5920.663114,1E+14,16890000000,59206631143,
53,,18000000,2411,7465.781833,3.24E+14,43398000000,1.34384E+11,
54,,12400000,1650,7515.151515,1.5376E+14,20460000000,93187878788,
55,,7700000,1685,4569.732938,5.929E+13,12974500000,35186943620,
56,,6000000,1050,5714.285714,3.6E+13,6300000000,34285714286,
57,,12500000,1300,9615.384615,1.5625E+14,16250000000,1.20192E+11,
58,,6380000,1170,5452.991453,4.07044E+13,7464600000,34790085470,
59,,7400000,1275,5803.921569,5.476E+13,9435000000,42949019608,
60,,8400000,1890,4444.444444,7.056E+13,15876000000,37333333333,
61,,6400000,1455,4398.62543,4.096E+13,9312000000,28151202749,
62,,19000000,1768,10746.60633,3.61E+14,33592000000,2.04186E+11,
63,,4300000,1295,3320.46332,1.849E+13,5568500000,14277992278,
64,,23800000,3500,6800,5.6644E+14,83300000000,1.6184E+11,
65,,10500000,1850,5675.675676,1.1025E+14,19425000000,59594594595,
66,,10800000,1966,5493.387589,1.1664E+14,21232800000,59328585961,
67,,5500000,1350,4074.074074,3.025E+13,7425000000,22407407407,
68,,4320000,1040,4153.846154,1.86624E+13,4492800000,17944615385,
69,,3000000,800,3750,9E+12,2400000000,11250000000,
70,,3500000,950,3684.210526,1.225E+13,3325000000,12894736842,
71,,16000000,2000,8000,2.56E+14,32000000000,1.28E+11,
72,,3000000,900,3333.333333,9E+12,2700000000,10000000000,
73,,3300000,960,3437.5,1.089E+13,3168000000,11343750000,
74,,8200000,1371,5981.03574,6.724E+13,11242200000,49044493071,
75,,6000000,1750,3428.571429,3.6E+13,10500000000,20571428571,
76,,4100000,1299,3156.274057,1.681E+13,5325900000,12940723634,
77,,5200000,1365,3809.52381,2.704E+13,7098000000,19809523810,
78,,21000000,2800,7500,4.41E+14,58800000000,1.575E+11,
79,,2650000,835,3173.652695,7.0225E+12,2212750000,8410179641,
80,,10000000,1000,10000,1E+14,10000000000,1E+11,
81,,4500000,1000,4500,2.025E+13,4500000000,20250000000,
82,,6900000,1260,5476.190476,4.761E+13,8694000000,37785714286,
83,,13500000,2425,5567.010309,1.8225E+14,32737500000,75154639175,
84,,4500000,1198,3756.260434,2.025E+13,5391000000,16903171953,
85,,32500000,3000,10833.33333,1.05625E+15,97500000000,3.52083E+11,
86,,11000000,1743,6310.958118,1.21E+14,19173000000,69420539300,
87,,3200000,650,4923.076923,1.024E+13,2080000000,15753846154,
88,,3200000,815,3926.380368,1.024E+13,2608000000,12564417178,
89,,3400000,1050,3238.095238,1.156E+13,3570000000,11009523810,
90,,11100000,2100,5285.714286,1.2321E+14,23310000000,58671428571,
91,,3500000,900,3888.888889,1.225E+13,3150000000,13611111111,
92,,12500000,1836,6808.278867,1.5625E+14,22950000000,85103485839,
93,,8500000,1495,5685.618729,7.225E+13,12707500000,48327759197,
94,,4200000,1040,4038.461538,1.764E+13,4368000000,16961538462,
95,,82000000,5495,14922.65696,6.724E+15,4.5059E+11,1.22366E+12,
96,,9000000,1250,7200,8.1E+13,11250000000,64800000000,
97,,14000000,2500,5600,1.96E+14,35000000000,78400000000,
98,,8900000,1815,4903.581267,7.921E+13,16153500000,43641873278,
99,,3200000,1041,3073.967339,1.024E+13,3331200000,9836695485,
100,,15000000,2000,7500,2.25E+14,30000000000,1.125E+11,
101,,9200000,1960,4693.877551,8.464E+13,18032000000,43183673469,
102,,11500000,1963,5858.380031,1.3225E+14,22574500000,67371370352,
103,,6000000,1246,4815.40931,3.6E+13,7476000000,28892455859,
104,,3900000,1085,3594.470046,1.521E+13,4231500000,14018433180,
105,,3600000,995,3618.090452,1.296E+13,3582000000,13025125628,
106,,49000000,6168,7944.228275,2.401E+15,3.02232E+11,3.89267E+11,
107,,7500000,1260,5952.380952,5.625E+13,9450000000,44642857143,
108,,18000000,1700,10588.23529,3.24E+14,30600000000,1.90588E+11,
109,,17200000,2025,8493.82716,2.9584E+14,34830000000,1.46094E+11,
110,,17000000,1600,10625,2.89E+14,27200000000,1.80625E+11,
111,,5500000,1150,4782.608696,3.025E+13,6325000000,26304347826,
112,,13000000,2300,5652.173913,1.69E+14,29900000000,73478260870,
113,,9900000,1760,5625,9.801E+13,17424000000,55687500000,
114,,7000000,559,12522.36136,4.9E+13,3913000000,87656529517,
115,,5150000,1234,4173.419773,2.65225E+13,6355100000,21493111831,
116,,7500000,700,10714.28571,5.625E+13,5250000000,80357142857,
117,,2630000,750,3506.666667,6.9169E+12,1972500000,9222533333,
118,,4600000,1000,4600,2.116E+13,4600000000,21160000000,
119,,7500000,1390,5395.683453,5.625E+13,10425000000,40467625899,
120,,7000000,1326,5279.034691,4.9E+13,9282000000,36953242836,
121,,5800000,1270,4566.929134,3.364E+13,7366000000,26488188976,
122,,5200000,1175,4425.531915,2.704E+13,6110000000,23012765957,
123,,26000000,3755,6924.101198,6.76E+14,97630000000,1.80027E+11,
124,,20000000,1650,12121.21212,4E+14,33000000000,2.42424E+11,
125,,3200000,800,4000,1.024E+13,2560000000,12800000000,
126,,8500000,1100,7727.272727,7.225E+13,9350000000,65681818182,
127,,4320000,800,5400,1.86624E+13,3456000000,23328000000,
128,,6710000,1180,5686.440678,4.50241E+13,7917800000,38156016949,
129,,16900000,1935,8733.850129,2.8561E+14,32701500000,1.47602E+11,
130,,12500000,1800,6944.444444,1.5625E+14,22500000000,86805555556,
131,,5000000,1200,4166.666667,2.5E+13,6000000000,20833333333,
132,,12000000,1250,9600,1.44E+14,15000000000,1.152E+11,
133,,2700000,770,3506.493506,7.29E+12,2079000000,9467532468,
134,,11000000,1200,9166.666667,1.21E+14,13200000000,1.00833E+11,
135,,14000000,2500,5600,1.96E+14,35000000000,78400000000,
136,,7500000,1675,4477.61194,5.625E+13,12562500000,33582089552,
137,,12000000,2520,4761.904762,1.44E+14,30240000000,57142857143,
138,,4100000,1000,4100,1.681E+13,4100000000,16810000000,
139,,3790000,1310,2893.129771,1.43641E+13,4964900000,10964961832,
140,,5200000,1065,4882.629108,2.704E+13,5538000000,25389671362,
141,,12500000,1830,6830.601093,1.5625E+14,22875000000,85382513661,
142,,15200000,2268,6701.940035,2.3104E+14,34473600000,1.01869E+11,
143,,10500000,1821,5766.062603,1.1025E+14,19120500000,60543657331,
144,,4000000,1115,3587.443946,1.6E+13,4460000000,14349775785,
145,,3330000,825,4036.363636,1.10889E+13,2747250000,13441090909,
146,,17000000,3500,4857.142857,2.89E+14,59500000000,82571428571,
147,,3600000,750,4800,1.296E+13,2700000000,17280000000,
148,,4500000,1250,3600,2.025E+13,5625000000,16200000000,
149,,5500000,1375,4000,3.025E+13,7562500000,22000000000,
150,,24500000,2797,8759.385055,6.0025E+14,68526500000,2.14605E+11,
151,,45000000,9000,5000,2.025E+15,4.05E+11,2.25E+11,
152,,5000000,1470,3401.360544,2.5E+13,7350000000,17006802721,
153,,12500000,3150,3968.253968,1.5625E+14,39375000000,49603174603,
154,,7400000,1530,4836.601307,5.476E+13,11322000000,35790849673,
155,,4100000,1200,3416.666667,1.681E+13,4920000000,14008333333,
156,,16000000,1750,9142.857143,2.56E+14,28000000000,1.46286E+11,
157,,3250000,1050,3095.238095,1.05625E+13,3412500000,10059523810,
158,,5500000,1100,5000,3.025E+13,6050000000,27500000000,
159,,9000000,1815,4958.677686,8.1E+13,16335000000,44628099174,
160,,17500000,1600,10937.5,3.0625E+14,28000000000,1.91406E+11,
161,,9900000,1650,6000,9.801E+13,16335000000,59400000000,
162,,8500000,1460,5821.917808,7.225E+13,12410000000,49486301370,
163,,5890000,1150,5121.73913,3.46921E+13,6773500000,30167043478,
164,,9000000,1800,5000,8.1E+13,16200000000,45000000000,
165,,24000000,1632,14705.88235,5.76E+14,39168000000,3.52941E+11,
166,,12000000,1850,6486.486486,1.44E+14,22200000000,77837837838,
167,,6400000,1390,4604.316547,4.096E+13,8896000000,29467625899,
168,,33000000,3699,8921.330089,1.089E+15,1.22067E+11,2.94404E+11,
169,,10000000,1908,5241.090147,1E+14,19080000000,52410901468,
170,,8500000,1550,5483.870968,7.225E+13,13175000000,46612903226,
171,,7400000,1480,5000,5.476E+13,10952000000,37000000000,
172,,4300000,968,4442.14876,1.849E+13,4162400000,19101239669,
173,,5800000,1150,5043.478261,3.364E+13,6670000000,29252173913,
174,,9000000,1750,5142.857143,8.1E+13,15750000000,46285714286,
175,,3500000,800,4375,1.225E+13,2800000000,15312500000,
176,,12500000,1700,7352.941176,1.5625E+14,21250000000,91911764706,
177,,6200000,1210,5123.966942,3.844E+13,7502000000,31768595041,
178,,2550000,540,4722.222222,6.5025E+12,1377000000,12041666667,
179,,6000000,1100,5454.545455,3.6E+13,6600000000,32727272727,
180,,11000000,1610,6832.298137,1.21E+14,17710000000,75155279503,
181,,11000000,2245,4899.777283,1.21E+14,24695000000,53897550111,
182,,4100000,900,4555.555556,1.681E+13,3690000000,18677777778,
183,,9300000,1490,6241.610738,8.649E+13,13857000000,58046979866,
184,,7500000,1250,6000,5.625E+13,9375000000,45000000000,
185,,4500000,1130,3982.300885,2.025E+13,5085000000,17920353982,
186,,9400000,1625,5784.615385,8.836E+13,15275000000,54375384615,
187,,3400000,900,3777.777778,1.156E+13,3060000000,12844444444,
188,,7000000,1008,6944.444444,4.9E+13,7056000000,48611111111,
189,,22500000,1900,11842.10526,5.0625E+14,42750000000,2.66447E+11,
190,,20000000,2428,8237.23229,4E+14,48560000000,1.64745E+11,
191,,9700000,1250,7760,9.409E+13,12125000000,75272000000,
192,,13500000,2800,4821.428571,1.8225E+14,37800000000,65089285714,
193,,4500000,800,5625,2.025E+13,3600000000,25312500000,
194,,2650000,608,4358.552632,7.0225E+12,1611200000,11550164474,
195,,2900000,965,3005.181347,8.41E+12,2798500000,8715025907,
196,,7000000,1256,5573.248408,4.9E+13,8792000000,39012738854,
197,,79000000,7200,10972.22222,6.241E+15,5.688E+11,8.66806E+11,
198,,6040000,1341,4504.101417,3.64816E+13,8099640000,27204772558,
199,,22000000,2835,7760.141093,4.84E+14,62370000000,1.70723E+11,
200,,3000000,630,4761.904762,9E+12,1890000000,14285714286,
201,,23500000,2985,7872.696817,5.5225E+14,70147500000,1.85008E+11,
202,,15000000,2550,5882.352941,2.25E+14,38250000000,88235294118,
203,,11000000,1510,7284.768212,1.21E+14,16610000000,80132450331,
204,,4500000,1000,4500,2.025E+13,4500000000,20250000000,
205,,5000000,1205,4149.377593,2.5E+13,6025000000,20746887967,
206,,4000000,1010,3960.39604,1.6E+13,4040000000,15841584158,
207,,6200000,950,6526.315789,3.844E+13,5890000000,40463157895,
208,,9800000,1765,5552.407932,9.604E+13,17297000000,54413597734,
209,,6600000,1455,4536.082474,4.356E+13,9603000000,29938144330,
210,,5500000,1000,5500,3.025E+13,5500000000,30250000000,
211,,14000000,1750,8000,1.96E+14,24500000000,1.12E+11,
212,,15000000,1900,7894.736842,2.25E+14,28500000000,1.18421E+11,
213,,13200000,1935,6821.705426,1.7424E+14,25542000000,90046511628,
214,,2800000,800,3500,7.84E+12,2240000000,9800000000,
215,,14000000,1800,7777.777778,1.96E+14,25200000000,1.08889E+11,
216,,3400000,850,4000,1.156E+13,2890000000,13600000000,
217,,11500000,1478,7780.784844,1.3225E+14,16997000000,89479025710,
218,,3300000,900,3666.666667,1.089E+13,2970000000,12100000000,
219,,6000000,1234,4862.236629,3.6E+13,7404000000,29173419773,
220,,5600000,1507,3715.992037,3.136E+13,8439200000,20809555408,
221,,5800000,1365,4249.084249,3.364E+13,7917000000,24644688645,
222,,2100000,615,3414.634146,4.41E+12,1291500000,7170731707,
223,,5200000,1140,4561.403509,2.704E+13,5928000000,23719298246,
224,,8000000,1325,6037.735849,6.4E+13,10600000000,48301886792,
225,,7650000,997,7673.019057,5.85225E+13,7627050000,58698595787,
226,,5500000,1100,5000,3.025E+13,6050000000,27500000000,
227,,5400000,1405,3843.41637,2.916E+13,7587000000,20754448399,
228,,8500000,1775,4788.732394,7.225E+13,15087500000,40704225352,
229,,6000000,1000,6000,3.6E+13,6000000000,36000000000,
230,,17500000,1658,10554.8854,3.0625E+14,29015000000,1.8471E+11,
231,,2450000,630,3888.888889,6.0025E+12,1543500000,9527777778,
232,,7300000,1742,4190.585534,5.329E+13,12716600000,30591274397,
233,,14500000,1650,8787.878788,2.1025E+14,23925000000,1.27424E+11,
234,,4800000,950,5052.631579,2.304E+13,4560000000,24252631579,
235,,4200000,800,5250,1.764E+13,3360000000,22050000000,
236,,12800000,1472,8695.652174,1.6384E+14,18841600000,1.11304E+11,
237,,27500000,2250,12222.22222,7.5625E+14,61875000000,3.36111E+11,
238,,12000000,1850,6486.486486,1.44E+14,22200000000,77837837838,
239,,7500000,900,8333.333333,5.625E+13,6750000000,62500000000,
240,,3500000,1050,3333.333333,1.225E+13,3675000000,11666666667,
241,,3850000,720,5347.222222,1.48225E+13,2772000000,20586805556,
242,,8000000,1550,5161.290323,6.4E+13,12400000000,41290322581,
243,,4350000,1300,3346.153846,1.89225E+13,5655000000,14555769231,
244,,9000000,1536,5859.375,8.1E+13,13824000000,52734375000,
245,,5000000,1285,3891.050584,2.5E+13,6425000000,19455252918,
246,,5800000,1350,4296.296296,3.364E+13,7830000000,24918518519,
247,,4200000,1335,3146.067416,1.764E+13,5607000000,13213483146,
248,,8900000,1000,8900,7.921E+13,8900000000,79210000000,
249,,9500000,1811,5245.720596,9.025E+13,17204500000,49834345665,
250,,4600000,1175,3914.893617,2.116E+13,5405000000,18008510638,
251,,20000000,1700,11764.70588,4E+14,34000000000,2.35294E+11,
252,,2900000,554,5234.65704,8.41E+12,1606600000,15180505415,
253,,13500000,1500,9000,1.8225E+14,20250000000,1.215E+11,
254,,4000000,1250,3200,1.6E+13,5000000000,12800000000,
255,,28000000,2200,12727.27273,7.84E+14,61600000000,3.56364E+11,
256,,4000000,850,4705.882353,1.6E+13,3400000000,18823529412,
257,,8000000,1000,8000,6.4E+13,8000000000,64000000000,
258,,12900000,1400,9214.285714,1.6641E+14,18060000000,1.18864E+11,
259,,9000000,1325,6792.45283,8.1E+13,11925000000,61132075472,
260,,3200000,840,3809.52381,1.024E+13,2688000000,12190476190,
261,,4100000,1065,3849.765258,1.681E+13,4366500000,15784037559,
262,,7000000,1585,4416.403785,4.9E+13,11095000000,30914826498,
263,,45000000,2700,16666.66667,2.025E+15,1.215E+11,7.5E+11,
264,,7500000,1515,4950.49505,5.625E+13,11362500000,37128712871,
265,,7100000,900,7888.888889,5.041E+13,6390000000,56011111111,
266,,7000000,1135,6167.400881,4.9E+13,7945000000,43171806167,
267,,8000000,1500,5333.333333,6.4E+13,12000000000,42666666667,
268,,60000000,5000,12000,3.6E+15,3E+11,7.2E+11,
269,,5450000,1470,3707.482993,2.97025E+13,8011500000,20205782313,
270,,22000000,2700,8148.148148,4.84E+14,59400000000,1.79259E+11,
271,,15000000,2275,6593.406593,2.25E+14,34125000000,98901098901,
272,,4900000,1475,3322.033898,2.401E+13,7227500000,16277966102,
273,,12800000,1837,6967.882417,1.6384E+14,23513600000,89188894937,
274,,18000000,2400,7500,3.24E+14,43200000000,1.35E+11,
275,,9000000,1950,4615.384615,8.1E+13,17550000000,41538461538,
276,,14500000,1935,7493.540052,2.1025E+14,28057500000,1.08656E+11,
277,,32500000,2400,13541.66667,1.05625E+15,78000000000,4.40104E+11,
278,,26000000,2430,10699.58848,6.76E+14,63180000000,2.78189E+11,
279,,5900000,995,5929.648241,3.481E+13,5870500000,34984924623,
280,,4800000,1000,4800,2.304E+13,4800000000,23040000000,
281,,12000000,1983,6051.437216,1.44E+14,23796000000,72617246596,
282,,7800000,1295,6023.166023,6.084E+13,10101000000,46980694981,
283,,7000000,1820,3846.153846,4.9E+13,12740000000,26923076923,
284,,3500000,800,4375,1.225E+13,2800000000,15312500000,
285,,10800000,1895,5699.208443,1.1664E+14,20466000000,61551451187,
286,,9200000,1000,9200,8.464E+13,9200000000,84640000000,
287,,10000000,1800,5555.555556,1E+14,18000000000,55555555556,
288,,4800000,1487,3227.97579,2.304E+13,7137600000,15494283793,
289,,17500000,2400,7291.666667,3.0625E+14,42000000000,1.27604E+11,
290,,13500000,2300,5869.565217,1.8225E+14,31050000000,79239130435,
291,,8500000,1545,5501.618123,7.225E+13,13132500000,46763754045,
292,,4500000,1000,4500,2.025E+13,4500000000,20250000000,
293,,15800000,2300,6869.565217,2.4964E+14,36340000000,1.08539E+11,
294,,32500000,1829,17769.27283,1.05625E+15,59442500000,5.77501E+11,
295,,6900000,1362,5066.079295,4.761E+13,9397800000,34955947137,
296,,9000000,1380,6521.73913,8.1E+13,12420000000,58695652174,
297,,2500000,560,4464.285714,6.25E+12,1400000000,11160714286,
298,,29500000,3000,9833.333333,8.7025E+14,88500000000,2.90083E+11,
299,,2200000,900,2444.444444,4.84E+12,1980000000,5377777778,
300,,14800000,2050,7219.512195,2.1904E+14,30340000000,1.06849E+11,
301,,47500000,4600,10326.08696,2.25625E+15,2.185E+11,4.90489E+11,
302,,9500000,1775,5352.112676,9.025E+13,16862500000,50845070423,
303,,2950000,1050,2809.52381,8.7025E+12,3097500000,8288095238,
304,,2550000,675,3777.777778,6.5025E+12,1721250000,9633333333,
305,,4500000,1162,3872.633391,2.025E+13,5229000000,17426850258,
306,,3480000,700,4971.428571,1.21104E+13,2436000000,17300571429,
307,,5400000,1160,4655.172414,2.916E+13,6264000000,25137931034,
308,,7200000,2095,3436.754177,5.184E+13,15084000000,24744630072,
309,,4760000,1190,4000,2.26576E+13,5664400000,19040000000,
310,,3200000,810,3950.617284,1.024E+13,2592000000,12641975309,
311,,10500000,1695,6194.690265,1.1025E+14,17797500000,65044247788,
312,,3900000,825,4727.272727,1.521E+13,3217500000,18436363636,
313,,12500000,1850,6756.756757,1.5625E+14,23125000000,84459459459,
314,,6960000,1340,5194.029851,4.84416E+13,9326400000,36150447761,
315,,2750000,850,3235.294118,7.5625E+12,2337500000,8897058824,
316,,35000000,8500,4117.647059,1.225E+15,2.975E+11,1.44118E+11,
317,,7700000,1380,5579.710145,5.929E+13,10626000000,42963768116,
318,,6000000,1300,4615.384615,3.6E+13,7800000000,27692307692,
319,,6000000,1000,6000,3.6E+13,6000000000,36000000000,
320,,4500000,1000,4500,2.025E+13,4500000000,20250000000,
321,,6000000,1350,4444.444444,3.6E+13,8100000000,26666666667,
322,,8500000,1380,6159.42029,7.225E+13,11730000000,52355072464,
323,,7500000,1170,6410.25641,5.625E+13,8775000000,48076923077,
324,,4600000,936,4914.529915,2.116E+13,4305600000,22606837607,
325,,5500000,1646,3341.433779,3.025E+13,9053000000,18377885784,
326,,5500000,1000,5500,3.025E+13,5500000000,30250000000,
327,,6690000,1625,4116.923077,4.47561E+13,10871250000,27542215385,
328,,4500000,800,5625,2.025E+13,3600000000,25312500000,
329,,7600000,1534,4954.367666,5.776E+13,11658400000,37653194263,
330,,9000000,1675,5373.134328,8.1E+13,15075000000,48358208955,
331,,2450000,710,3450.704225,6.0025E+12,1739500000,8454225352,
332,,5400000,1290,4186.046512,2.916E+13,6966000000,22604651163,
333,,9700000,1758,5517.633675,9.409E+13,17052600000,53521046644,
334,,8500000,1569,5417.463352,7.225E+13,13336500000,46048438496,
335,,8000000,1488,5376.344086,6.4E+13,11904000000,43010752688,
336,,4200000,1245,3373.493976,1.764E+13,5229000000,14168674699,
337,,5500000,1200,4583.333333,3.025E+13,6600000000,25208333333,
338,,20000000,3250,6153.846154,4E+14,65000000000,1.23077E+11,
339,,10000000,1850,5405.405405,1E+14,18500000000,54054054054,
340,,6500000,1350,4814.814815,4.225E+13,8775000000,31296296296,
341,,13600000,2150,6325.581395,1.8496E+14,29240000000,86027906977,
342,,14900000,1650,9030.30303,2.2201E+14,24585000000,1.34552E+11,
343,,10500000,1650,6363.636364,1.1025E+14,17325000000,66818181818,
344,,11000000,1215,9053.497942,1.21E+14,13365000000,99588477366,
345,,30500000,2700,11296.2963,9.3025E+14,82350000000,3.44537E+11,
346,,8500000,1345,6319.702602,7.225E+13,11432500000,53717472119,
347,,24000000,3050,7868.852459,5.76E+14,73200000000,1.88852E+11,
348,,7600000,1600,4750,5.776E+13,12160000000,36100000000,
349,,45000000,4064,11072.83465,2.025E+15,1.8288E+11,4.98278E+11,
350,,6500000,1100,5909.090909,4.225E+13,7150000000,38409090909,
351,,10500000,1100,9545.454545,1.1025E+14,11550000000,1.00227E+11,
352,,30000000,4500,6666.666667,9E+14,1.35E+11,2E+11,
353,,15000000,2160,6944.444444,2.25E+14,32400000000,1.04167E+11,
354,,3000000,785,3821.656051,9E+12,2355000000,11464968153,
355,,10500000,2600,4038.461538,1.1025E+14,27300000000,42403846154,
356,,16500000,2465,6693.711968,2.7225E+14,40672500000,1.10446E+11,
357,,5700000,1661,3431.66767,3.249E+13,9467700000,19560505719,
358,,5600000,1655,3383.685801,3.136E+13,9268000000,18948640483,
359,,2300000,585,3931.623932,5.29E+12,1345500000,9042735043,
360,,15500000,1600,9687.5,2.4025E+14,24800000000,1.50156E+11,
361,,7000000,1133,6178.287732,4.9E+13,7931000000,43248014122,
362,,3150000,1050,3000,9.9225E+12,3307500000,9450000000,
363,,10000000,1650,6060.606061,1E+14,16500000000,60606060606,
364,,3400000,720,4722.222222,1.156E+13,2448000000,16055555556,
365,,35200000,2985,11792.29481,1.23904E+15,1.05072E+11,4.15089E+11,
366,,5000000,1350,3703.703704,2.5E+13,6750000000,18518518519,
367,,3200000,835,3832.335329,1.024E+13,2672000000,12263473054,
368,,9800000,1839,5328.983143,9.604E+13,18022200000,52224034802,
369,,4880000,1180,4135.59322,2.38144E+13,5758400000,20181694915,
370,,3200000,650,4923.076923,1.024E+13,2080000000,15753846154,
371,,5300000,1175,4510.638298,2.809E+13,6227500000,23906382979,
372,,5250000,1100,4772.727273,2.75625E+13,5775000000,25056818182,
373,,5500000,1400,3928.571429,3.025E+13,7700000000,21607142857,
374,,5000000,1000,5000,2.5E+13,5000000000,25000000000,
375,,24400000,2000,12200,5.9536E+14,48800000000,2.9768E+11,
376,,4300000,880,4886.363636,1.849E+13,3784000000,21011363636,
377,,3500000,700,5000,1.225E+13,2450000000,17500000000,
378,,12500000,2000,6250,1.5625E+14,25000000000,78125000000,
379,,17000000,1500,11333.33333,2.89E+14,25500000000,1.92667E+11,
380,,2650000,540,4907.407407,7.0225E+12,1431000000,13004629630,
381,,8000000,1093,7319.304666,6.4E+13,8744000000,58554437328,
382,,4000000,1100,3636.363636,1.6E+13,4400000000,14545454545,
383,,2500000,600,4166.666667,6.25E+12,1500000000,10416666667,
384,,25000000,2700,9259.259259,6.25E+14,67500000000,2.31481E+11,
385,,11000000,1000,11000,1.21E+14,11000000000,1.21E+11,
386,,11400000,1400,8142.857143,1.2996E+14,15960000000,92828571429,
387,,5500000,1146,4799.30192,3.025E+13,6303000000,26396160558,
388,,10600000,1730,6127.16763,1.1236E+14,18338000000,64947976879,
389,,11000000,1500,7333.333333,1.21E+14,16500000000,80666666667,
390,,7350000,1435,5121.95122,5.40225E+13,10547250000,37646341463,
391,,5000000,1395,3584.229391,2.5E+13,6975000000,17921146953,
392,,3800000,887,4284.10372,1.444E+13,3370600000,16279594138,
393,,5000000,1290,3875.968992,2.5E+13,6450000000,19379844961,
394,,6500000,862,7540.603248,4.225E+13,5603000000,49013921114,
395,,3100000,1075,2883.72093,9.61E+12,3332500000,8939534884,
396,,9000000,1660,5421.686747,8.1E+13,14940000000,48795180723,
397,,11000000,2000,5500,1.21E+14,22000000000,60500000000,
398,,15000000,1350,11111.11111,2.25E+14,20250000000,1.66667E+11,
399,,13500000,1850,7297.297297,1.8225E+14,24975000000,98513513514,
400,,24000000,2000,12000,5.76E+14,48000000000,2.88E+11,
401,,6000000,1150,5217.391304,3.6E+13,6900000000,31304347826,
402,,37500000,2800,13392.85714,1.40625E+15,1.05E+11,5.02232E+11,
403,,5950000,1330,4473.684211,3.54025E+13,7913500000,26618421053,
404,,5140000,1360,3779.411765,2.64196E+13,6990400000,19426176471,
405,,9000000,1600,5625,8.1E+13,14400000000,50625000000,
406,,3500000,625,5600,1.225E+13,2187500000,19600000000,
407,,22500000,1800,12500,5.0625E+14,40500000000,2.8125E+11,
408,,6800000,1095,6210.045662,4.624E+13,7446000000,42228310502,
409,,22000000,3500,6285.714286,4.84E+14,77000000000,1.38286E+11,
410,,11000000,1150,9565.217391,1.21E+14,12650000000,1.05217E+11,
411,,8400000,1080,7777.777778,7.056E+13,9072000000,65333333333,
412,,21000000,1600,13125,4.41E+14,33600000000,2.75625E+11,
413,,12500000,1110,11261.26126,1.5625E+14,13875000000,1.40766E+11,
414,,5700000,1100,5181.818182,3.249E+13,6270000000,29536363636,
415,,4000000,1080,3703.703704,1.6E+13,4320000000,14814814815,
416,,15000000,1350,11111.11111,2.25E+14,20250000000,1.66667E+11,
417,,4000000,1080,3703.703704,1.6E+13,4320000000,14814814815,
418,,5200000,1585,3280.757098,2.704E+13,8242000000,17059936909,
419,,2800000,870,3218.390805,7.84E+12,2436000000,9011494253,
420,,8000000,2032,3937.007874,6.4E+13,16256000000,31496062992,
421,,25000000,2734,9144.111192,6.25E+14,68350000000,2.28603E+11,
422,,13900000,1440,9652.777778,1.9321E+14,20016000000,1.34174E+11,
423,,15000000,1900,7894.736842,2.25E+14,28500000000,1.18421E+11,
424,,18500000,1250,14800,3.4225E+14,23125000000,2.738E+11,
425,,3000000,700,4285.714286,9E+12,2100000000,12857142857,
426,,4500000,1000,4500,2.025E+13,4500000000,20250000000,
427,,5800000,900,6444.444444,3.364E+13,5220000000,37377777778,
428,,23500000,3200,7343.75,5.5225E+14,75200000000,1.72578E+11,
429,,4700000,1110,4234.234234,2.209E+13,5217000000,19900900901,
430,,17000000,1500,11333.33333,2.89E+14,25500000000,1.92667E+11,
431,,5200000,750,6933.333333,2.704E+13,3900000000,36053333333,
432,,10000000,1710,5847.953216,1E+14,17100000000,58479532164,
433,,7500000,1220,6147.540984,5.625E+13,9150000000,46106557377,
434,,4200000,1040,4038.461538,1.764E+13,4368000000,16961538462,
435,,12000000,1600,7500,1.44E+14,19200000000,90000000000,
436,,4200000,1135,3700.440529,1.764E+13,4767000000,15541850220,
437,,14000000,2000,7000,1.96E+14,28000000000,98000000000,
438,,6300000,900,7000,3.969E+13,5670000000,44100000000,
439,,27500000,3332,8253.301321,7.5625E+14,91630000000,2.26966E+11,
440,,10700000,1480,7229.72973,1.1449E+14,15836000000,77358108108,
441,,2800000,930,3010.752688,7.84E+12,2604000000,8430107527,
442,,16000000,1500,10666.66667,2.56E+14,24000000000,1.70667E+11,
443,,2500000,700,3571.428571,6.25E+12,1750000000,8928571429,
444,,8900000,1585,5615.141956,7.921E+13,14106500000,49974763407,
445,,4800000,1225,3918.367347,2.304E+13,5880000000,18808163265,
446,,10500000,1817,5778.756192,1.1025E+14,19078500000,60676940011,
447,,6200000,1315,4714.828897,3.844E+13,8153000000,29231939163,
448,,6400000,1277,5011.74628,4.096E+13,8172800000,32075176194,
449,,4400000,900,4888.888889,1.936E+13,3960000000,21511111111,
450,,5800000,1260,4603.174603,3.364E+13,7308000000,26698412698,
451,,9500000,1560,6089.74359,9.025E+13,14820000000,57852564103,
452,,47000000,4500,10444.44444,2.209E+15,2.115E+11,4.90889E+11,
453,,8500000,920,9239.130435,7.225E+13,7820000000,78532608696,
454,,15000000,2400,6250,2.25E+14,36000000000,93750000000,
455,,3000000,670,4477.61194,9E+12,2010000000,13432835821,
456,,30000000,4000,7500,9E+14,1.2E+11,2.25E+11,
457,,2350000,710,3309.859155,5.5225E+12,1668500000,7778169014,
458,,15000000,1800,8333.333333,2.25E+14,27000000000,1.25E+11,
459,,7800000,1295,6023.166023,6.084E+13,10101000000,46980694981,
460,,14300000,1650,8666.666667,2.0449E+14,23595000000,1.23933E+11,
461,,5300000,1125,4711.111111,2.809E+13,5962500000,24968888889,
462,,2600000,800,3250,6.76E+12,2080000000,8450000000,
463,,11000000,1400,7857.142857,1.21E+14,15400000000,86428571429,
464,,8500000,900,9444.444444,7.225E+13,7650000000,80277777778,
465,,17000000,2150,7906.976744,2.89E+14,36550000000,1.34419E+11,
466,,14200000,1850,7675.675676,2.0164E+14,26270000000,1.08995E+11,
467,,5500000,1200,4583.333333,3.025E+13,6600000000,25208333333,
468,,3400000,600,5666.666667,1.156E+13,2040000000,19266666667,
469,,7200000,1250,5760,5.184E+13,9000000000,41472000000,
470,,8700000,1450,6000,7.569E+13,12615000000,52200000000,
471,,9200000,1420,6478.873239,8.464E+13,13064000000,59605633803,
472,,3800000,1005,3781.094527,1.444E+13,3819000000,14368159204,
473,,42500000,4500,9444.444444,1.80625E+15,1.9125E+11,4.01389E+11,
474,,6500000,1620,4012.345679,4.225E+13,10530000000,26080246914,
475,,7650000,1168,6549.657534,5.85225E+13,8935200000,50104880137,
476,,4500000,1107,4065.04065,2.025E+13,4981500000,18292682927,
477,,8500000,1510,5629.139073,7.225E+13,12835000000,47847682119,
478,,23500000,1800,13055.55556,5.5225E+14,42300000000,3.06806E+11,
479,,4500000,955,4712.041885,2.025E+13,4297500000,21204188482,
480,,6280000,1500,4186.666667,3.94384E+13,9420000000,26292266667,
481,,13900000,2060,6747.572816,1.9321E+14,28634000000,93791262136,
482,,8200000,1550,5290.322581,6.724E+13,12710000000,43380645161,
483,,13100000,1200,10916.66667,1.7161E+14,15720000000,1.43008E+11,
484,,10000000,1250,8000,1E+14,12500000000,80000000000,
485,,6500000,1050,6190.47619,4.225E+13,6825000000,40238095238,
486,,4500000,1055,4265.402844,2.025E+13,4747500000,19194312796,
487,,14500000,2000,7250,2.1025E+14,29000000000,1.05125E+11,
488,,4000000,510,7843.137255,1.6E+13,2040000000,31372549020,
489,,42500000,5500,7727.272727,1.80625E+15,2.3375E+11,3.28409E+11,
490,,20000000,2237,8940.545373,4E+14,44740000000,1.78811E+11,
491,,3100000,975,3179.487179,9.61E+12,3022500000,9856410256,
492,,4800000,1245,3855.421687,2.304E+13,5976000000,18506024096,
493,,6700000,1250,5360,4.489E+13,8375000000,35912000000,
494,,12500000,2320,5387.931034,1.5625E+14,29000000000,67349137931,
495,,27000000,2200,12272.72727,7.29E+14,59400000000,3.31364E+11,
496,,11500000,2300,5000,1.3225E+14,26450000000,57500000000,
497,,9000000,1730,5202.312139,8.1E+13,15570000000,46820809249,
498,,4500000,1250,3600,2.025E+13,5625000000,16200000000,
499,,2990000,840,3559.52381,8.9401E+12,2511600000,10642976190,
,,5171270000,,,1.01532E+17,1.19858E+13,4.0079E+13,
,,20685080,,,2.03064E+14,47943250160,1.60316E+11,0
,,,,,0,0,1.60316E+12,
,,,,,0,0,0,
,,,,,0,0,0,
,,,,,0,0,0,
,,,,,0,0,0,
,,,,,0,0,0,
,,,,,0,0,0,
,,,,,0,0,0,
,,,,,0,0,0,
,,,,,0,0,0,
,,,,,0,0,0,
,,,,,0,0,0,
,,,,,0,0,0,
,,,,,0,0,0,
,,,,,0,0,0,
,,,,,0,0,0,
,,,,,0,0,0,
,,,,,0,0,0,
,,,,,0,0,0,
,,,,,0,0,0,
,,,,,0,0,0,
,,,,,0,0,0,
,,,,,0,0,0,
,,,,,0,0,0,
,,,,,0,0,0,
,,,,,0,0,0,
,,,,,0,0,0,
,,,,,0,0,0,
,,,,,0,0,0,
,,,,,0,0,0,
,,,,,0,0,0,
,,,,,0,0,0,
,,,,,0,0,0,
,,,,,0,0,0,
,,,,,0,0,0,
,,,,,0,0,0,
,,,,,0,0,0,
,,,,,0,0,0,
,,,,,0,0,0,
,,,,,0,0,0,
,,,,,0,0,0,
,,,,,0,0,0,
,,,,,0,0,0,
,,,,,0,0,0,
,,,,,0,0,0,
,,,,,0,0,0,
,,,,,0,0,0,
,,,,,0,0,0,
